{"graph": {"_type": "graph-file", "path": "media/graph/graph_summary_147d68b6.graph.json", "sha256": "147d68b616b9f811661ccc3025d21c658018e6f4ec6294e466fa16c78aad3a31", "size": 1847}, "_timestamp": 1587172871.059823, "val_mae": 1.7478924989700317, "loss": 7.540555811495047, "epoch": 0, "_step": 0, "mae": 1.654727816581726, "val_loss": 7.965500803877797, "_runtime": 279.6927170753479, "best_val_loss": 7.965500803877797, "best_epoch": 0}
