{"graph": {"_type": "graph-file", "path": "media/graph/graph_summary_147d68b6.graph.json", "sha256": "147d68b616b9f811661ccc3025d21c658018e6f4ec6294e466fa16c78aad3a31", "size": 1847}, "_runtime": 163.47646951675415, "epoch": 9, "mae": 0.9921560287475586, "_step": 9, "val_mae": 1.1736356019973755, "_timestamp": 1588862420.0489545, "loss": 3.505622503957359, "val_loss": 4.067645850334699, "best_val_loss": 4.067645850334699, "best_epoch": 9}
