{"graph": {"_type": "graph-file", "path": "media/graph/graph_summary_7512a076.graph.json", "sha256": "7512a0761b02bc232781778c2f0e7324be7cfd646646efc5fae285f489fd5af1", "size": 1991}, "_runtime": 820.7684140205383, "epoch": 2, "mae": 2.263949394226074, "loss": 13.190795055713476, "_step": 2, "val_mae": 2.038344621658325, "val_loss": 9.61503546884651, "_timestamp": 1588877976.0588832, "best_val_loss": 9.61503546884651, "best_epoch": 2}
