{"graph": {"_type": "graph-file", "path": "media/graph/graph_summary_147d68b6.graph.json", "sha256": "147d68b616b9f811661ccc3025d21c658018e6f4ec6294e466fa16c78aad3a31", "size": 1847}, "epoch": 9, "_runtime": 306.868047952652, "_step": 9, "mae": 1.0378437042236328, "_timestamp": 1588861918.818388, "val_mae": 2.4769790172576904, "val_loss": 16.20727178330027, "loss": 3.657758699474494, "best_val_loss": 4.772506803421672, "best_epoch": 5}
